INSERT INTO BOOK 
(Book_ID, Book_ISBN, Book_Price, Book_Section, In_stockQty, Pub_ID)
VALUES 
('BO000001', '9087685942124', 20, 1, 18, 'PU000002'),
('BO000002', '2437586901245', 30, 2, 35, 'PU000001'),
('BO000003', '2789640145679', 19, 2, 34, 'PU000004'),
('BO000004', '2365789013467', 24, 2, 35, 'PU000001'),
('BO000005', '3568901348693', 10, 3, 43, 'PU000003'),
('BO000006', '4678901345557', 20, 1, 53, 'PU000005'),
('BO000007', '1855265474852', 23, 4, 45, 'PU000003'),
('BO000008', '8541253698542', 8, 5, 64,	'PU000004'),
('BO000009', '7854876521458', 9, 2, 52,	'PU000004'),
('BO000010', '7854587859654', 12, 4, 14, 'PU000002'),
('BO000011', '1021458796523', 13, 3, 56, 'PU000001'),
('BO000012', '7698158154656', 15, 4, 38, 'PU000004'),
('BO000013', '5646218418935', 14, 5, 47, 'PU000001'),
('BO000014', '9451589264945', 17, 2, 44, 'PU000003'),
('BO000015', '8984987112649', 18, 8, 15, 'PU000005'),
('BO000016', '9848465164889', 21, 2, 19, 'PU000005'),
('BO000017', '4623627864613', 22, 3, 25, 'PU000002'),
('BO000018', '5636563005405', 25, 4, 42, 'PU000003'),
('BO000019', '1155220011445', 27, 5, 45, 'PU000004'),
('BO000020', '4932165999653', 28, 3, 17, 'PU000005');

INSERT INTO UNIVERSAL_BOOK 
(Book_ISBN, Book_Title, Book_Genre, Book_Edition, BookPub_Year)
VALUES
('9087685942124', 'Jungle Book', 'Fantasy', 3, 2009),
('2437586901245', 'Python Bible', 'Coding', 5, 2015),
('2789640145679', 'Java Fundamentals', 'Coding', 6, 2003),
('2365789013467', 'C++ Computer', 'Coding', 2, 2000),
('3568901348693', 'Alien Story', 'Sci-Fi', 9, 1983),
('4678901345557', 'Tales of Charkolol', 'Fantasy', 1, 2021),
('1855265474852', 'Dora the explorer', 'Adventure', 4, 2000),
('8541253698542', 'Vandyck''s Lost Love', 'Romance', 2, 1999),
('7854876521458', 'Colin''s Recipe of Success', 'Cooking', 8, 2001),
('7854587859654', 'Gaming Essentials with Desmond', 'Gaming', 7, 2019),
('1021458796523', 'Phoebe Lifestyle', 'Lifestyle', 2, 2020),
('7698158154656', 'Sleeping hacks by Cheong', 'Lifestyle', 6, 2008),
('5646218418935', 'Drink Fiesta', 'Romance', 4, 2002),
('9451589264945', 'War of the Crown', 'Fantasy', 7, 2013),
('8984987112649', 'Web Development for Dummies', 'Coding', 8, 2010),
('9848465164889', 'Japanese Language Fundamentals', 'Language', 2, 2018),
('4623627864613', 'Time Management Guide', 'Lifestyle', 6, 2021),
('5636563005405', 'Architecture ideas', 'Design', 4, 2003),
('1155220011445', 'Culture Club', 'Romance', 1, 1988),
('4932165999653', 'Good Food in Malaysia', 'Cooking', 5, 2021);

INSERT INTO BOOK_AUTHOR 
(Book_ID, First_Author, Second_Author, Third_Author)
VALUES
('BO000001', 'Josh', 'Jason', NULL),
('BO000002', 'Muiller', NULL, NULL),
('BO000003', 'Manhatton', 'Meledy', NULL),
('BO000004', 'Cheryl', 'Luna', 'Wee Yi'),
('BO000005', 'Cheong', NULL, NULL),
('BO000006', 'Lunaxi', 'Qiqi', NULL),
('BO000007', 'Hamilton', 'Lisa', 'Mona'),
('BO000008', 'Hanif', 'Bennett', NULL),
('BO000009', 'Josh', NULL, NULL),
('BO000010', 'Mully', 'Noelle', NULL),
('BO000011', 'Yang', 'Evelynn', 'Gwen'),
('BO000012', 'Teoh', 'Irelia', 'Benjamin'),
('BO000013', 'Kok', 'Gragas', NULL),
('BO000014', 'Vandyck ', 'Shaco', NULL),
('BO000015', 'Phoebe', NULL, NULL),
('BO000016', 'Desmond', NULL, NULL),
('BO000017', 'Zhong', 'Zilean', NULL),
('BO000018', 'Xiao ', 'Ekko', NULL),
('BO000019', 'Eula','Leona', 'Morgana'),
('BO000020', 'Paimon', 'Caitlyn', NULL);

INSERT INTO MEMBER
(Member_ID, Member_Name, Street, [Zip Code], City, State, Country, Gender, Member_DOB, Member_Join_Date )
VALUES
('ME000001', 'Kim Jong', 'Sejongno Street',	'64179', 'Jongno-gu', 'Seoul', 'South Korea', 'F', '20020410', '20201111'),
('ME000002', 'Ji Eun', 'Jalan Teknologi Park', '50300',	'Bukit Jalil', 'Kuala Lumpur',	'Malaysia',	'F', '19900530', '20201203'),
('ME000003', 'Wayne Bryan',	'Yada Street', '51109',	'Higashikata',	'Kuwana', 'Japan',	'M', '19980120', '20210117'),
('ME000004', 'Donny Tom', 'Ekkamai Rd',	'33637', 'Watthana', 'Bangkok',	'Thailand',	'M', '20051215', '20210321'),
('ME000005', 'Johnny Jhin',	'Bianmao Rd', '40812', 'ZengFuXiang', 'Chongqing', 'China', 'M', '19971119', '20210204'),
('ME000006', 'Ibrahim Mustafa',	'Qilla Kohna', '60101',	'Kuhna Qasim Bagh',	'Multan', 'Pakistan', 'M', '19890204', '20210116'),
('ME000007', 'Janna', 'High Street', '23452', 'Manchester',	'London', 'United Kingdom',	'F', '19930923', '20201116'),
('ME000008', 'Taric', 'Victoria Road', '34566',	'Newport', 'Wales', 'United Kingdom', 'M', '20021217', '20201231'),
('ME000009', 'Qiyana', 'Jalan Bukit Bintang', '52100', 'Kuala Lumpur', 'Kuala Lumpur', 'Malaysia', 'F',	'20020108',	'20201112'),
('ME000010', 'Rell', 'Place de Miremont', '92390', 'Villeneuve', 'lle-de-France', 'France',	'F', '20000911', '20210526'),
('ME000011', 'Jeremy', 'Kung Yip Street', '23482', 'Kwai Tsing District', 'Hong Kong', 'Hong Kong',	'M', '19960415', '20210429'),
('ME000012', 'Tris Jenner',	'Soi Phyanark Phetburi Road', '10400', 'Phayathai',	'Bangkok', 'Thailand', 'F', '20030708', '20210517'),
('ME000013', 'Kayle Lim', 'Levent',	'38473', 'Besiktas', 'Istanbul', 'Turkey', 'F',	'19990429', '20200623'),
('ME000014', 'Sivades',	'Raffles Place', '48623', 'Singapore', 'Singapore',	'Singapore', 'M', '20010420', '20210124'),
('ME000015', 'Fiora Yu', 'Proctor Place', '20222', 'Mangere Bridge', 'Manukau',	'New Zealand', 'F',	'20020831', '20210228');


INSERT INTO MEMBER_CONTACT_NUMBER
(Member_ID, Personal_Phone, Work_Phone)
VALUES
('ME000001', '016-5323990', '03-85475652'),
('ME000002', NULL, '03-78527213'),
('ME000003', '017-5245948', NULL),
('ME000004', '016-8256821', NULL),
('ME000005', NULL, '03-87544964'),
('ME000006', '017-8545821', NULL),
('ME000007', '014-8547854', NULL),
('ME000008', '015-4426875', NULL),
('ME000009', NULL, '03-15875689'),
('ME000010', '017-5478214', '03-45877542'),
('ME000011', '016-4521425', NULL),
('ME000012', '013-2154845', NULL),
('ME000013', '012-4587542', NULL),
('ME000014', '018-1829754', '03-78541358'),
('ME000015', '017-5682468', NULL);

INSERT INTO PUBLISHER
(Pub_ID, Pub_Name, Pub_Email, Pub_Qty, Street, [Zip Code], City, State, Country)
VALUES
('PU000001', 'Oxford Publication', 'oxford@gmail.com', 5, 'Jalan Bukit Bintang', '52100', 'Kuala Lumpur', 'Federal Territory of Kuala Lumpur', 'Malaysia'),
('PU000002', 'Ladybird Publication', 'ladybird@gmail.com', 4, 'Rogue Street', '34567', 'Althrone', 'Essex', 'United Kingdom'),
('PU000003', 'Miracle Publication', 'miracle@outlook.com', 3, 'North Bound', '32456', 'Thorone', 'Texas', 'United States'),
('PU000004', 'Miyuki', 'miyukipub@gmail.com', 5, 'Takeshita Street', '87895', 'Harajuku', 'Tokyo', 'Japan'),
('PU000005', 'Gemilang Publishers', 'gemilang@yahoo.com', 7, 'Jalan Helang Hindik', '52100', 'Kuala Lumpur', 'Federal Territory of Kuala Lumpur', 'Malaysia'),
('PU000006', 'Cambridge Publication', 'cambridge@gmail.com', 8, 'Elliott Street', '20419', 'Washington', 'District of Columbia', 'United States'),
('PU000007', 'Popular Publication', 'popular@outlook.com', 3, ' Locust Court', '90808', 'Long Beach', 'California', 'United States'),
('PU000008', 'National Geographic Publication', 'nationalgeo@yahoo.com', 4, 'Fasanenstrasse', '22587', 'Hamburg Osdorf', 'Hamburg', 'Germany'),
('PU000009', 'Oxbridge Publications', 'oxbridge@gmail.com', 2, 'Taman Baru', '68000', 'Sitiawan', 'Perak', 'Malaysia'),
('PU000010', 'IEEE Publications', 'ieee@yahoo..com', 7, 'Jalan Jelutong', '70753', 'Dungun', 'Terengganu', 'Malaysia');

INSERT INTO PUB_PHONE
(Pub_ID, Headquarter_phoneNo, Branch_phoneNo)
VALUES
('PU000001', '03-23463746', NULL),
('PU000002', '02-48562495', '03-34857462'),
('PU000003', '04-58694274', NULL),
('PU000004', '06-69774526',	'03-58674732'),
('PU000005', '09-05674743', NULL),
('PU000006', '03-56855975',	'03-85495481'),
('PU000007', '05-15844582',	'03-78464845'),
('PU000008', '09-85888554', NULL),
('PU000009', '03-55198268',	'05-54857895'),
('PU000010', '04-58912654', NULL);

INSERT INTO [BOOKSTORE ORDER]
(Order_ID, Order_Date, Order_Quantity, Order_Status, Pub_ID)
VALUES
('OR000001', '20200312', 50, 'Completed', 'PU000001'), 
('OR000002', '20200703', 30, 'Completed', 'PU000002'),
('OR000003', '20200920', 55, 'Completed', 'PU000003'),
('OR000004', '20201231', 60, 'Completed', 'PU000004'),
('OR000005', '20210104', 76, 'Completed', 'PU000005'),
('OR000006', '20210115', 45, 'Completed', 'PU000001'),
('OR000007', '20210121', 34, 'Completed', 'PU000001'),
('OR000008', '20210202', 75, 'Completed', 'PU000002'),
('OR000009', '20210216', 90, 'Pending','PU000003'),
('OR000010', '20210304', 56, 'Pending', 'PU000004'),
('OR000011', '20210305', 15, 'Pending', 'PU000005'),
('OR000012', '20210408', 20, 'Pending',	'PU000003'),
('OR000013', '20210421', 15, 'Pending',	'PU000002'),
('OR000014', '20210503', 24, 'Pending',	'PU000001'),
('OR000015', '20210521', 31, 'Pending',	'PU000003');

INSERT INTO [SHOPPING CART]
(Purchase_ID, Purchase_Quantity, Purchase_Date, TotalPurchase_Price)
VALUES
('PA000001', 5, '20210424', 103),
('PA000002', 5, '20210424', 99),
('PA000003', 4, '20210424', 93),
('PA000004', 5, '20210424', 113),
('PA000005', 5, '20210426', 103),
('PA000006', 4, '20210501', 72),
('PA000007', 5, '20210505', 97),
('PA000008', 6, '20210515', 130),
('PA000009', 7, '20210518', 115),
('PA000010', 3, '20210523', 54),
('PA000011', 2, '20210528', 49),
('PA000012', 3, '20210603', 34),
('PA000013', 4, '20210606', 73),
('PA000014', 6, '20210610', 122),
('PA000015', 5, '20210616', 76);

INSERT INTO [MEMBER ORDER]
(MemOrder_ID, MemOrder_Date, MemOrder_Quantity, Payment_Status, Delivery_Status, MemOrder_Price, EstOrderArri_date, Purchase_ID, Member_ID)
VALUES
('MO000001', '20210420', 2, 'Pending', NULL, 43, NULL, 'PA000001', 'ME000001'),
('MO000002', '20210424', 2, 'Completed', 'DELIVERED', 30, NULL, 'PA000005', 'ME000006'),
('MO000003', '20210423', 1, 'Completed', 'DELIVERED', 20, NULL, 'PA000002', 'ME000002'),
('MO000004', '20210425', 1, 'Pending', NULL, 19, NULL, 'PA000003', 'ME000003'),
('MO000005', '20210423', 1, 'Pending', NULL, 20, NULL, 'PA000003', 'ME000003'),
('MO000006', '20210425', 2, 'Completed', 'DELIVERED', 43, NULL, 'PA000001', 'ME000001'),
('MO000007', '20210427', 2, 'Completed', 'DELIVERING', 54, '20210502', 'PA000004', 'ME000005'),
('MO000008', '20210428', 4, 'Completed', 'DELIVERED', 93, NULL, 'PA000002', 'ME000002'),
('MO000009', '20210428', 1, 'Pending', NULL, 20, NULL, 'PA000003', 'ME000003'),
('MO000010', '20210429', 1, 'Completed', 'DELIVERING', 19, '20210504', 'PA000005', 'ME000006'),
('MO000011', '20210520', 2, 'Completed', 'DELIVERED', 36, NULL, 'PA000009', 'ME000009'),
('MO000012', '20210525', 3, 'Completed', 'DELIVERED', 54, NULL, 'PA000010', 'ME000010'),
('MO000013', '20210530', 2, 'Completed', 'DELIVERED', 34, NULL, 'PA000007', 'ME000007'),
('MO000014', '20210106', 3, 'Completed', 'DELIVERED', 51, NULL, 'PA000009', 'ME000009'),
('MO000015', '20210506', 1, 'Completed', 'DELIVERING', 24, '20210609', 'PA000011', 'ME000011'),
('MO000016', '20211206', 3, 'Pending', NULL, 64, NULL, 'PA00014', 'ME000014'),
('MO000017', '20210307', 1, 'Pending', NULL, 27, NULL, 'PA000006', 'ME000006'),
('MO000018', '20210707', 1, 'Completed', 'DELIVERING', 30, '20210710', 'PA000008', 'ME000008'),
('MO000019', '20210907', 1, 'Completed', 'DELIVERING', 25, '20210711', 'PA000011', 'ME000011'),
('MO000020', '20211007', 4, 'Pending', NULL, 72, NULL, 'PA000006', 'ME000006');

INSERT INTO [MEMBER FEEDBACK]
(Feedback_ID, Rating, Remarks, Member_ID, Book_ID)
VALUES
('FI000001', 9, 'Very fun plot and story', 'ME000002', 'BO000006'),
('FI000002', 8, 'Nice story', 'ME000003', 'BO000001'),
('FI000003', 6, NULL, 'ME000003', 'BO000003'),
('FI000004', 9, 'Very informative book', 'ME000006', 'BO000003'),
('FI000005', 4, 'Very hard to understand', 'ME000001', 'BO000004'),
('FI000006', 8, 'This book is simple and understandable', 'ME000005', 'BO000002'),
('FI000007', 7, 'Interesting story', 'ME000006', 'BO000001'),
('FI000008', 5, 'Information not sufficient', 'ME000001', 'BO000003'),
('FI000009', 8, 'Very touching love story', 'ME000009', 'BO000013'),
('FI000010', 9, 'Good time management tips', 'ME000009', 'BO000017'),
('FI000011', 8, NULL, 'ME000007', 'BO000011'),
('FI000012', 9, 'Had great laughs', 'ME000009', 'BO000006'),
('FI000013', 7, 'Decent recipes', 'ME000009', 'BO000009'),
('FI000014', 6, 'The story feels rushed', 'ME000010', 'BO000005'),
('FI000015', 8, 'A childhood classic', 'ME000010', 'BO000007'),
('FI000016', 8, 'Easy to understand', 'ME000010', 'BO000016'),
('FI000017', 7, NULL, 'ME000007', 'BO000007'),
('FI000018', 6, NULL, 'ME000009', 'BO000017'),
('FI000019', 4, 'Dull storyline', 'ME000002', 'BO000005'),
('FI000020', 8, 'Cute story', 'ME000002', 'BO000001');

INSERT INTO BOOK_SHOPPING_CART
(Book_ID, Purchase_ID)
VALUES
('BO000003', 'PA000001'),
('BO000002', 'PA000001'),
('BO000001', 'PA000001'),
('BO000004', 'PA000001'),
('BO000005', 'PA000001'),
('BO000006', 'PA000002'),
('BO000002', 'PA000002'),
('BO000001', 'PA000002'),
('BO000003', 'PA000002'),
('BO000005', 'PA000002'),
('BO000001', 'PA000003'),
('BO000003', 'PA000003'),
('BO000002', 'PA000003'),
('BO000004', 'PA000003'),
('BO000006', 'PA000004'),
('BO000003', 'PA000004'),
('BO000002', 'PA000004'),
('BO000004', 'PA000004'),
('BO000001', 'PA000004'),
('BO000002', 'PA000005'),
('BO000004', 'PA000005'),
('BO000003', 'PA000005'),
('BO000001', 'PA000005'),
('BO000005', 'PA000005'),
('BO000010', 'PA000006'),
('BO000012', 'PA000006'),
('BO000015', 'PA000006'),
('BO000019', 'PA000006'),
('BO000020', 'PA000007'),
('BO000011', 'PA000007'),
('BO000007', 'PA000007'),
('BO000009', 'PA000007'),
('BO000004', 'PA000007'),
('BO000008', 'PA000008'),
('BO000006', 'PA000008'),
('BO000001', 'PA000008'),
('BO000018', 'PA000008'),
('BO000019', 'PA000008'),
('BO000002', 'PA000008'),
('BO000003', 'PA000009'),
('BO000007', 'PA000009'),
('BO000009', 'PA000009'),
('BO000013', 'PA000009'),
('BO000017', 'PA000009'),
('BO000008', 'PA000009'),
('BO000006', 'PA000009'),
('BO000005', 'PA000010'),
('BO000007', 'PA000010'),
('BO000016', 'PA000010'),
('BO000018', 'PA000011'),
('BO000004', 'PA000011'),
('BO000009', 'PA000012'),
('BO000010', 'PA000012'),
('BO000011', 'PA000012'),
('BO000001', 'PA000013'),
('BO000004', 'PA000013'),
('BO000006', 'PA000013'),
('BO000009', 'PA000013'),
('BO000015', 'PA000014'),
('BO000019', 'PA000014'),
('BO000011', 'PA000014'),
('BO000013', 'PA000014'),
('BO000017', 'PA000014'),
('BO000020', 'PA000014'),
('BO000008', 'PA000015'),
('BO000009', 'PA000015'),
('BO000004', 'PA000015'),
('BO000014', 'PA000015'),
('BO000015', 'PA000015');

INSERT INTO BOOK_BOOKSTORE_ORDER
(Book_ID, Order_ID)
VALUES
('BO000001', 'OR000002'),
('BO000002', 'OR000001'),
('BO000003', 'OR000004'),
('BO000004', 'OR000006'),
('BO000005', 'OR000003'),
('BO000006', 'OR000005'),
('BO000007', 'OR000009'),
('BO000008', 'OR000010'),
('BO000009', 'OR000011'),
('BO000010', 'OR000008'),
('BO000011', 'OR000007'),
('BO000012', 'OR000004'),
('BO000013', 'OR000014'),
('BO000014', 'OR000012'),
('BO000015', 'OR000013'),
('BO000016', 'OR000005'),
('BO000017', 'OR000002'),
('BO000018', 'OR000015'),
('BO000019', 'OR000010'),
('BO000020', 'OR000015'); 

INSERT INTO BOOK_MEMBER
(Member_ID,Book_ID)
VALUES
('ME000001', 'BO000001'), 
('ME000001', 'BO000002'),
('ME000001', 'BO000003'),
('ME000001', 'BO000004'),
('ME000001', 'BO000005'),
('ME000001', 'BO000006'),
('ME000001', 'BO000007'),
('ME000001', 'BO000008'),
('ME000001', 'BO000009'),
('ME000001', 'BO000010'),
('ME000001', 'BO000011'),
('ME000001', 'BO000012'),
('ME000001', 'BO000013'),
('ME000001', 'BO000014'),
('ME000001', 'BO000015'),
('ME000001', 'BO000016'),
('ME000001', 'BO000017'),
('ME000001', 'BO000018'),
('ME000001', 'BO000019'),
('ME000001', 'BO000020'),
('ME000002', 'BO000001'), 
('ME000002', 'BO000002'),
('ME000002', 'BO000003'),
('ME000002', 'BO000004'),
('ME000002', 'BO000005'),
('ME000002', 'BO000006'),
('ME000002', 'BO000007'),
('ME000002', 'BO000008'),
('ME000002', 'BO000009'),
('ME000002', 'BO000010'),
('ME000002', 'BO000011'),
('ME000002', 'BO000012'),
('ME000002', 'BO000013'),
('ME000002', 'BO000014'),
('ME000002', 'BO000015'),
('ME000002', 'BO000016'),
('ME000002', 'BO000017'),
('ME000002', 'BO000018'),
('ME000002', 'BO000019'),
('ME000002', 'BO000020'),
('ME000003', 'BO000001'), 
('ME000003', 'BO000002'),
('ME000003', 'BO000003'),
('ME000003', 'BO000004'),
('ME000003', 'BO000005'),
('ME000003', 'BO000006'),
('ME000003', 'BO000007'),
('ME000003', 'BO000008'),
('ME000003', 'BO000009'),
('ME000003', 'BO000010'),
('ME000003', 'BO000011'),
('ME000003', 'BO000012'),
('ME000003', 'BO000013'),
('ME000003', 'BO000014'),
('ME000003', 'BO000015'),
('ME000003', 'BO000016'),
('ME000003', 'BO000017'),
('ME000003', 'BO000018'),
('ME000003', 'BO000019'),
('ME000003', 'BO000020'),
('ME000004', 'BO000001'), 
('ME000004', 'BO000002'),
('ME000004', 'BO000003'),
('ME000004', 'BO000004'),
('ME000004', 'BO000005'),
('ME000004', 'BO000006'),
('ME000004', 'BO000007'),
('ME000004', 'BO000008'),
('ME000004', 'BO000009'),
('ME000004', 'BO000010'),
('ME000004', 'BO000011'),
('ME000004', 'BO000012'),
('ME000004', 'BO000013'),
('ME000004', 'BO000014'),
('ME000004', 'BO000015'),
('ME000004', 'BO000016'),
('ME000004', 'BO000017'),
('ME000004', 'BO000018'),
('ME000004', 'BO000019'),
('ME000004', 'BO000020'),
('ME000005', 'BO000001'), 
('ME000005', 'BO000002'),
('ME000005', 'BO000003'),
('ME000005', 'BO000004'),
('ME000005', 'BO000005'),
('ME000005', 'BO000006'),
('ME000005', 'BO000007'),
('ME000005', 'BO000008'),
('ME000005', 'BO000009'),
('ME000005', 'BO000010'),
('ME000005', 'BO000011'),
('ME000005', 'BO000012'),
('ME000005', 'BO000013'),
('ME000005', 'BO000014'),
('ME000005', 'BO000015'),
('ME000005', 'BO000016'),
('ME000005', 'BO000017'),
('ME000005', 'BO000018'),
('ME000005', 'BO000019'),
('ME000005', 'BO000020'),
('ME000006', 'BO000001'), 
('ME000006', 'BO000002'),
('ME000006', 'BO000003'),
('ME000006', 'BO000004'),
('ME000006', 'BO000005'),
('ME000006', 'BO000006'),
('ME000006', 'BO000007'),
('ME000006', 'BO000008'),
('ME000006', 'BO000009'),
('ME000006', 'BO000010'),
('ME000006', 'BO000011'),
('ME000006', 'BO000012'),
('ME000006', 'BO000013'),
('ME000006', 'BO000014'),
('ME000006', 'BO000015'),
('ME000006', 'BO000016'),
('ME000006', 'BO000017'),
('ME000006', 'BO000018'),
('ME000006', 'BO000019'),
('ME000006', 'BO000020'),
('ME000007', 'BO000001'), 
('ME000007', 'BO000002'),
('ME000007', 'BO000003'),
('ME000007', 'BO000004'),
('ME000007', 'BO000005'),
('ME000007', 'BO000006'),
('ME000007', 'BO000007'),
('ME000007', 'BO000008'),
('ME000007', 'BO000009'),
('ME000007', 'BO000010'),
('ME000007', 'BO000011'),
('ME000007', 'BO000012'),
('ME000007', 'BO000013'),
('ME000007', 'BO000014'),
('ME000007', 'BO000015'),
('ME000007', 'BO000016'),
('ME000007', 'BO000017'),
('ME000007', 'BO000018'),
('ME000007', 'BO000019'),
('ME000007', 'BO000020'),
('ME000008', 'BO000001'), 
('ME000008', 'BO000002'),
('ME000008', 'BO000003'),
('ME000008', 'BO000004'),
('ME000008', 'BO000005'),
('ME000008', 'BO000006'),
('ME000008', 'BO000007'),
('ME000008', 'BO000008'),
('ME000008', 'BO000009'),
('ME000008', 'BO000010'),
('ME000008', 'BO000011'),
('ME000008', 'BO000012'),
('ME000008', 'BO000013'),
('ME000008', 'BO000014'),
('ME000008', 'BO000015'),
('ME000008', 'BO000016'),
('ME000008', 'BO000017'),
('ME000008', 'BO000018'),
('ME000008', 'BO000019'),
('ME000008', 'BO000020'),
('ME000009', 'BO000001'), 
('ME000009', 'BO000002'),
('ME000009', 'BO000003'),
('ME000009', 'BO000004'),
('ME000009', 'BO000005'),
('ME000009', 'BO000006'),
('ME000009', 'BO000007'),
('ME000009', 'BO000008'),
('ME000009', 'BO000009'),
('ME000009', 'BO000010'),
('ME000009', 'BO000011'),
('ME000009', 'BO000012'),
('ME000009', 'BO000013'),
('ME000009', 'BO000014'),
('ME000009', 'BO000015'),
('ME000009', 'BO000016'),
('ME000009', 'BO000017'),
('ME000009', 'BO000018'),
('ME000009', 'BO000019'),
('ME000010', 'BO000002'),
('ME000010', 'BO000003'),
('ME000010', 'BO000004'),
('ME000010', 'BO000005'),
('ME000010', 'BO000006'),
('ME000010', 'BO000007'),
('ME000010', 'BO000008'),
('ME000010', 'BO000009'),
('ME000010', 'BO000010'),
('ME000010', 'BO000011'),
('ME000010', 'BO000012'),
('ME000010', 'BO000013'),
('ME000010', 'BO000014'),
('ME000010', 'BO000015'),
('ME000010', 'BO000016'),
('ME000010', 'BO000017'),
('ME000010', 'BO000018'),
('ME000010', 'BO000019'),
('ME000010', 'BO000020'),
('ME000011', 'BO000001'), 
('ME000011', 'BO000002'),
('ME000011', 'BO000003'),
('ME000011', 'BO000004'),
('ME000011', 'BO000005'),
('ME000011', 'BO000006'),
('ME000011', 'BO000007'),
('ME000011', 'BO000008'),
('ME000011', 'BO000009'),
('ME000011', 'BO000010'),
('ME000011', 'BO000011'),
('ME000011', 'BO000012'),
('ME000011', 'BO000013'),
('ME000011', 'BO000014'),
('ME000011', 'BO000015'),
('ME000011', 'BO000016'),
('ME000011', 'BO000017'),
('ME000011', 'BO000018'),
('ME000011', 'BO000019'),
('ME000011', 'BO000020'),
('ME000012', 'BO000002'),
('ME000012', 'BO000003'),
('ME000012', 'BO000004'),
('ME000012', 'BO000005'),
('ME000012', 'BO000006'),
('ME000012', 'BO000007'),
('ME000012', 'BO000008'),
('ME000012', 'BO000009'),
('ME000012', 'BO000010'),
('ME000012', 'BO000011'),
('ME000012', 'BO000012'),
('ME000012', 'BO000013'),
('ME000012', 'BO000014'),
('ME000012', 'BO000015'),
('ME000012', 'BO000016'),
('ME000012', 'BO000017'),
('ME000012', 'BO000018'),
('ME000012', 'BO000019'),
('ME000012', 'BO000020'),
('ME000013', 'BO000002'),
('ME000013', 'BO000003'),
('ME000013', 'BO000004'),
('ME000013', 'BO000005'),
('ME000013', 'BO000006'),
('ME000013', 'BO000007'),
('ME000013', 'BO000008'),
('ME000013', 'BO000009'),
('ME000013', 'BO000010'),
('ME000013', 'BO000011'),
('ME000013', 'BO000012'),
('ME000013', 'BO000013'),
('ME000013', 'BO000014'),
('ME000013', 'BO000015'),
('ME000013', 'BO000016'),
('ME000013', 'BO000017'),
('ME000013', 'BO000018'),
('ME000013', 'BO000019'),
('ME000013', 'BO000020'),
('ME000014', 'BO000002'),
('ME000014', 'BO000003'),
('ME000014', 'BO000004'),
('ME000014', 'BO000005'),
('ME000014', 'BO000006'),
('ME000014', 'BO000007'),
('ME000014', 'BO000008'),
('ME000014', 'BO000009'),
('ME000014', 'BO000010'),
('ME000014', 'BO000011'),
('ME000014', 'BO000012'),
('ME000014', 'BO000013'),
('ME000014', 'BO000014'),
('ME000014', 'BO000015'),
('ME000014', 'BO000016'),
('ME000014', 'BO000017'),
('ME000014', 'BO000018'),
('ME000014', 'BO000019'),
('ME000014', 'BO000020'),
('ME000015', 'BO000002'),
('ME000015', 'BO000003'),
('ME000015', 'BO000004'),
('ME000015', 'BO000005'),
('ME000015', 'BO000006'),
('ME000015', 'BO000007'),
('ME000015', 'BO000008'),
('ME000015', 'BO000009'),
('ME000015', 'BO000010'),
('ME000015', 'BO000011'),
('ME000015', 'BO000012'),
('ME000015', 'BO000013'),
('ME000015', 'BO000014'),
('ME000015', 'BO000015'),
('ME000015', 'BO000016'),
('ME000015', 'BO000017'),
('ME000015', 'BO000018'),
('ME000015', 'BO000019'),
('ME000015', 'BO000020'),
('ME000016', 'BO000002'),
('ME000016', 'BO000003'),
('ME000016', 'BO000004'),
('ME000016', 'BO000005'),
('ME000016', 'BO000006'),
('ME000016', 'BO000007'),
('ME000016', 'BO000008'),
('ME000016', 'BO000009'),
('ME000016', 'BO000010'),
('ME000016', 'BO000011'),
('ME000016', 'BO000012'),
('ME000016', 'BO000013'),
('ME000016', 'BO000014'),
('ME000016', 'BO000015'),
('ME000016', 'BO000016'),
('ME000016', 'BO000017'),
('ME000016', 'BO000018'),
('ME000016', 'BO000019'),
('ME000016', 'BO000020'),
('ME000017', 'BO000002'),
('ME000017', 'BO000003'),
('ME000017', 'BO000004'),
('ME000017', 'BO000005'),
('ME000017', 'BO000006'),
('ME000017', 'BO000007'),
('ME000017', 'BO000008'),
('ME000017', 'BO000009'),
('ME000017', 'BO000010'),
('ME000017', 'BO000011'),
('ME000017', 'BO000012'),
('ME000017', 'BO000013'),
('ME000017', 'BO000014'),
('ME000017', 'BO000015'),
('ME000017', 'BO000016'),
('ME000017', 'BO000017'),
('ME000017', 'BO000018'),
('ME000017', 'BO000019'),
('ME000017', 'BO000020'),
('ME000018', 'BO000002'),
('ME000018', 'BO000003'),
('ME000018', 'BO000004'),
('ME000018', 'BO000005'),
('ME000018', 'BO000006'),
('ME000018', 'BO000007'),
('ME000018', 'BO000008'),
('ME000018', 'BO000009'),
('ME000018', 'BO000010'),
('ME000018', 'BO000011'),
('ME000018', 'BO000012'),
('ME000018', 'BO000013'),
('ME000018', 'BO000014'),
('ME000018', 'BO000015'),
('ME000018', 'BO000016'),
('ME000018', 'BO000017'),
('ME000018', 'BO000018'),
('ME000018', 'BO000019'),
('ME000018', 'BO000020'),
('ME000019', 'BO000002'),
('ME000019', 'BO000003'),
('ME000019', 'BO000004'),
('ME000019', 'BO000005'),
('ME000019', 'BO000006'),
('ME000019', 'BO000007'),
('ME000019', 'BO000008'),
('ME000019', 'BO000009'),
('ME000019', 'BO000010'),
('ME000019', 'BO000011'),
('ME000019', 'BO000012'),
('ME000019', 'BO000013'),
('ME000019', 'BO000014'),
('ME000019', 'BO000015'),
('ME000019', 'BO000016'),
('ME000019', 'BO000017'),
('ME000019', 'BO000018'),
('ME000019', 'BO000019'),
('ME000019', 'BO000020'),
('ME000020', 'BO000002'),
('ME000020', 'BO000003'),
('ME000020', 'BO000004'),
('ME000020', 'BO000005'),
('ME000020', 'BO000006'),
('ME000020', 'BO000007'),
('ME000020', 'BO000008'),
('ME000020', 'BO000009'),
('ME000020', 'BO000010'),
('ME000020', 'BO000011'),
('ME000020', 'BO000012'),
('ME000020', 'BO000013'),
('ME000020', 'BO000014'),
('ME000020', 'BO000015'),
('ME000020', 'BO000016'),
('ME000020', 'BO000017'),
('ME000020', 'BO000018'),
('ME000020', 'BO000019'),
('ME000020', 'BO000020');